60.929837373544636	-4.851635909530132	-0.14909814977854849
62.194213610177151	-1.286455547749326	-3.40387295312031
62.695735341365172	-2.3946357063888133	1.2975541057681961
62.382374886440282	-4.1137565757513324	2.4519766068500277
62.076833931369023	-4.6581972592125505	-0.51788582236363445
60.751142945500519	0.66762073478408657	4.8650257545428808
62.097539701131616	4.8123849830465888	2.6577004516748688
61.978026578301318	2.1256565824902887	-3.6266663042995577
61.857406529552136	-1.930936832160532	3.3612022326066309
62.935927752927078	2.3239282626851012	0.57266465909778541
60.518533877712414	-3.0940727495761946	3.5202719069307369
62.960351873260485	-0.83939984438085014	-3.0379509593289775
63.063385304342518	-3.2112592179232409	0.33673181016655596
61.542247989516419	-2.5959977014161164	2.2869046800867499
63.376537794311218	-0.69090821579010497	3.2160419646997358
62.253725730707473	0.5542538113903539	-2.6579166627060276
62.776310103591065	-1.0167099755900784	-3.6926889478210922
60.836961891617001	-4.2707094746983261	-2.2350185558012914
63.255828987333985	3.1406026573011436	-0.65867633626188227
62.363357587163762	2.7016245681343318	3.2708803441129488
61.074795636819445	1.8367197880348503	4.6424819328309876
61.248608016982601	2.4715478389084908	4.525105386478411
60.865473460027474	3.1160983065871179	-4.2433767184787188
61.544811380768905	-5.3912616726277198	0.35095628781231325
62.270893708258328	4.8461397321067876	0.08895453368817427
62.821380107625522	-0.36885817844767071	4.5154887851172116
62.707133951641516	-1.0173018108116096	-2.3202191847616445
62.876521329784907	1.9540442532761131	-0.60960293969925428
62.568210078638209	-0.94108327067052799	-1.8267335569801999
61.966157576490843	-4.5853510885683777	-0.35800184237236593
63.090135804173983	3.4619189267126655	0.32773981194732532
61.796812974589095	2.5152549550834746	4.5468153853080002
62.91603102129735	3.9171229463424244	-2.0413299329155645
62.075395168442704	-3.9240875029055426	-1.0217565738788188
62.7020596980257	-3.7878980411425531	1.7344143984560854
62.607657100475286	1.3114681103055958	3.5806160571604848
61.339559338462145	-3.2743561824815051	-3.2763744590275792
61.162500915282095	-3.3407446832160912	3.4630869408185814
62.063882892121299	-4.0803300962140669	0.597613233758853
62.751558942596283	3.0169653227519926	-2.715274099374331
62.926099698111578	1.0021945698771033	-4.0793569104805645
62.172857554840768	-1.8455320243687152	-2.6103126525532292
63.274167927882651	2.2505152865360518	0.44666919464937921
61.724005587978006	-3.6653331956386395	-1.545330286077905
62.930596631894261	2.9828811129596562	-1.8476583078880766
61.333279009694564	0.52427202423540453	4.7947852169225298
61.986478516556588	4.9150874503680297	0.41937251775131673
62.374580608035451	-3.6965664486926029	2.8530360337103167
61.520908226412132	1.7837366897817588	-3.08612397969494
62.407983428913532	3.742215282178563	1.9304277529326306
61.531293493871196	1.1881850680275843	4.1788728115218889
61.31597438934849	-0.62383074393695537	-5.0200262355804863
61.850504087341925	-3.4010802820583859	-1.2202176902779871
61.812864509331312	2.5387552644490867	2.3956972162757104
61.094359940639308	-4.3769961392940573	1.6306658445292761
62.533946841719519	-2.78463462450414	3.247811356391149
61.187679596781706	2.1383267067078466	3.7198940326555117
62.106325695570639	3.632345565548408	1.6603589438575672
62.370890163295208	1.3145312708068728	-4.3755734278343912
62.784756283342794	-2.8101990252343279	3.0181671695642409
61.930833563575078	0.78847516356368486	3.3772774287705802
62.413734992893843	-3.0595248778283608	1.8492756235219228
61.988737257078704	-4.9069884936501511	-0.78648170009338392
62.672799507008072	-2.8794792012654544	-2.0376389190667967
62.348807870215246	-2.7745496745288007	2.4836752391170043
62.168977336507588	-4.2497694005296891	2.463208919933789
61.901910548668248	-1.3880953561921021	-4.169489198076568
62.484646495111669	1.3795926104461003	1.300770474442883
62.955658120069756	-2.2740195790147437	1.2239468489428111
62.281088294116337	-3.3035961682660053	-1.4331538581843786
62.181729408254682	3.3438026548539561	0.14598083957144389
63.200850534990465	1.8718392834137663	1.6656790515020132
62.321241547782471	1.4644214186286115	-1.7180556494530412
62.01791887495564	-2.4143338836741823	3.567617467079919
61.59230359594806	-1.4929500555475963	3.3622508118363514
61.913003446492738	-4.4655478507746391	-2.0161692695962974
61.036555161988389	4.8700407348868024	-2.1330180786289303
62.832306263126853	-3.0404660726413528	1.3565038690267479
61.752716755310836	1.2435888761109455	4.3949747140512194
60.767078813807714	-1.3803758987743231	-4.9869440921626413
62.672823452346016	4.0864599953034713	1.8369365181340804
63.142382701738633	-0.64241054116084229	-4.0959205068822744
62.931286201090771	-1.6618768661765142	-1.4085293698528079
61.922424901500428	3.2971937995574252	1.7408663767958434
62.355555083953348	-2.0969416271086039	-1.1050979874011182
62.047517683572252	1.363131656894927	4.2551471161566843
62.551645056831688	-1.2044208669630208	-2.9326487734027284
62.374225244757248	2.0670125905518488	0.47264393113182079
61.33439709974769	3.2949925161727895	-4.5995517333264138
62.259568834331731	-2.2301716719455968	-1.4858638610248438
63.665091082263793	-3.118606653032046	0.06761471482322981
62.248507246873572	3.2279991497580807	1.0687599906372751
62.406314407747786	-2.7831905368554195	-6.5795033843435844
63.012977286770962	-0.2133311201642826	3.6674913709701022
63.30673023218705	0.2851581597910422	-3.4334857369483438
60.693079646640925	-5.2512644791247673	-2.1915159856396702
62.474130302237185	-1.4518901469281624	-4.5192998542246547
62.612140747607917	-3.138045183136676	-0.011902555418293303
61.656637182600903	-3.8104362860644594	-0.49443903831914249
62.861176083706731	-2.7523935198370504	-0.1519505590512428
62.276067224049704	4.5639827395886821	-0.39718351804921459
61.987696591223937	4.472144947721409	-1.6108266648494733
61.888649646776443	1.9579880408305501	3.4702322274635606
63.098952981112525	-0.758392308740097	3.7436740463617237
61.716036519146293	2.7029921811608393	-3.8531069520940506
63.229597376925604	-2.5816507015219865	-0.00091429746225348972
62.177570955805152	-3.6574835089989333	1.2412356567280056
62.403312196379851	-2.6735942733825677	-3.8498006498016939
61.138023898136211	-3.2508228378841317	-4.0338208325815108
62.114627307501564	2.3828641961522248	1.1530076652849517
62.928166151145774	0.83207808260672422	-2.4965657673590451
62.63792396101401	-2.1590559621127636	0.93323655210054435
62.196615250900358	0.40903547946456625	4.5506816201359603
62.150171156980832	-0.69583596447553098	3.3396447116474275
61.383986716049613	-4.0894181085006958	1.6552092684261068
63.265303027295957	-2.2308561488695346	-0.76679401315211215
61.822987434614021	-0.44489250903684385	-3.245756468595701
61.911271263991608	3.4558362705752077	-2.7549945643348939
61.757405708575362	2.5797137409875281	-4.2038662280024344
62.459259210929247	-4.5228021043487789	-0.14244457987955608
62.113002125869926	-1.7103133625557372	2.5589923526187008
62.966174132753515	-1.8889561813630926	0.32579948260829822
63.117088550301794	0.64195292399884352	3.2902128597876423
63.087583571844796	3.4609537247954276	0.40904697138805257
61.903877900313809	-1.0433915473793622	3.8352071620663502
62.121025584183165	3.9040943731285602	2.8998993649987836
62.455638297275655	-3.7018843452568233	-0.57642116107112018
62.157578015280258	-0.9949099464372736	-3.9316434026964995
61.782916624495037	-5.025545697627944	0.098263781859412314
62.79072231960437	2.4671573589274054	-1.282903448038677
62.40726542448806	-0.54736754374627494	2.3385289017008657
61.859997762598439	3.1319024478850293	-1.3079667010010561
61.991568316258991	2.4518193389196963	2.9146087514479651
63.753618234462444	-1.7728624160262871	1.8242099345658425
62.468632473958955	-1.9684139451615306	2.0833347889745943
61.854881714757717	-1.1822037756094612	-4.7047198378201989
62.579851765590497	3.9957280492630862	-0.73431036744502143
61.293177651692979	-5.6705376197707418	1.8535276601337469
61.828580521259795	2.7508342648498445	2.6903812054189404
61.74827479621019	-2.4000195222369585	-1.9541380723102253
63.48124443867502	1.0321981131692179	-2.0030609583999173
61.739377378114256	-2.1412845731817689	-3.9255398467312839
61.490250853085719	1.2577642716620361	4.3887796310446863
62.195435445263087	3.3888313182698346	-2.7765317283807063
62.50636437153458	-2.5465569585883552	2.7817921182743799
61.397546267319221	1.7245140829819032	2.7449075416409303
61.366415760912254	1.8285392647816365	4.4309923184401878
62.437300583555057	3.62401006908039	2.8115082102868265
61.483210030942587	3.9453876139982551	-2.029302285074948
61.186778358035752	-0.66793965105590591	-4.4190981738776758
61.658897432899714	-3.8446632493799364	-0.29818899678819538
60.795651493977402	3.0173883471951117	4.2885569489883153
62.084183277111578	1.9657169071786815	-4.3751491540305754
63.682192639033538	-0.66487388580830498	2.3339789606414145
63.408355612891889	-2.4785562956534406	1.4032508294257211
61.686008740744811	1.8868981988428728	-4.5538834778627688
62.579531034404233	1.9397858318095598	1.3959192346519236
61.121984587969315	0.12537827270110896	4.7791384168917483
62.787666716536066	0.47894351737945257	-2.2017205562949802
62.302602498700843	3.5980079747939371	-1.6354680148087104
60.955508055032823	4.8573476488794425	-0.11707687424157204
63.354264056319131	-1.9327647366698841	-0.43906457431569912
62.643620931693398	-1.8060588466536223	-4.0423581706720144
62.459233050772653	-1.8024000072397373	-2.697993685401419
63.368693487033397	2.8387487573153747	1.7285139048129408
61.687917674148721	-0.93362855557139879	3.5357245099027659
61.969764513030732	0.52574739725823738	-4.944688618861016
62.763555857602341	1.3684014058176788	4.2636424939384918
62.946553283414609	1.9843414498422047	4.5110241484213072
61.650489407518954	-3.9948931115068809	-2.8127035642945146
63.043601179754603	-0.74754922541320223	3.3220288973843233
62.984810420803164	-4.7178867220052014	-1.0164578716037014
61.895661624531343	-5.11704274501112	0.91228010784790747
61.5618631064673	-4.3302539013321155	0.74940538663414191
62.877589413948236	-1.9561598182379158	2.236841733526131
62.917533100443542	-2.3174936288206252	2.8334358934856358
61.500090227988814	3.4999029217770263	-2.3302185078790698
62.862349866419052	-0.97778125536929517	-1.4793750780127193
63.520448509339928	1.624214783376366	1.6482355763574608
62.482455772909105	-3.3548486012173133	1.1648932668436029
60.939311450425421	-1.4707659799079729	-5.0154154172183407
61.224748781425099	0.9933321270877572	-3.4725677175519123
63.51142770787564	0.4681401895141451	-2.9886509322585928
62.744753830466422	-2.3052246901740254	2.2667918505317943
61.711779941132328	1.9506923171181463	-5.147896947602006
62.465260431123276	-0.026517639273758008	3.1383106711073432
62.583871195837418	1.131475251440142	-3.7008927261742515
62.887428500923356	-0.42204840698725876	2.2444369959857635
61.365387286560882	1.2016387923347795	4.205649504316459
61.972752042171223	4.298434821631214	-1.7957615629743795
61.477436043900646	3.0328371498647355	-4.1792955303491031
63.425815448530912	-0.045888173684719605	2.9461068297552715
63.662889940355647	-2.5973527122583273	-0.82525006040827786
62.560961419542799	2.1002165855674213	-1.870741841117938
62.877201607974058	2.8039705105988015	-1.4740245337296598
60.335195451625651	2.0483917985363105	-4.3918508227999524
60.717356668889771	4.629262366544852	-1.0799860885712071
62.119733610094343	-2.3812267127293043	4.2305086265924698
62.915691920908884	-2.7565430980742565	-1.0773632602808005
62.520116057218516	-1.1158771296556964	-3.0636440238280231
62.014322479719311	-2.0971841411145076	2.2472407987497509
63.282432588807254	-0.25049247064460584	-3.0462063733325704
62.092640267094033	-1.045122805507567	-3.1042500606296088
62.973364469206864	0.58728082606719323	-3.603575561113991
62.884238568356928	3.3137465259168213	1.2231027127653458
62.278962575719845	2.4994379970672833	3.7320375862478645
62.455362575996418	-1.7098454081263126	4.3342291028140831
61.577708118828596	3.8206030939897797	-4.0300348357350328
61.436114672819961	-2.9840658866642928	-3.5262509920955529
62.496214457708042	2.0173547587129135	-1.4744415026983022
62.419279664517013	-2.3387288698139437	-2.3733530182881624
62.810147672504741	-2.3336254178465432	-0.13911765584071908
60.810261058174106	-4.6022543290684155	-0.40274487321358038
63.344547671484875	-2.1578705278188872	-1.0463653813312239
63.536189338610122	-2.840776859281426	-1.3820186786342372
62.992514421947675	-0.6570630503081778	3.2853119646433773
62.770194321404908	-1.3601930129885171	2.7535239847121691
61.881573253789064	1.7200394499108893	3.5737977254934474
61.738698805932252	0.96943743112449077	4.3487715111773673
63.035707013894104	-3.2226637979673232	0.23957542000615048
61.582357224963971	-1.7091321330765743	-2.8688179573931776
62.168455293570538	3.5668228131927675	1.9384250372826044
61.574836385694894	4.5442411342386935	1.2583965563285713
62.213122917996159	2.7558230137261432	-2.0418988911462255
62.881791467857958	-0.72477275615870962	2.164593383678159
62.314348352499941	3.3630470595720108	0.93102097993602406
62.056042495033324	3.2695509645861303	0.11758571901546012
62.326228153883385	-2.5584135928560965	-2.8531028512538539
61.514589853878569	-1.7796370676545861	-2.8986175009699005
64.033260582912064	2.2267136918883552	-0.068406740303138786
61.270390165374266	-1.334616972062497	-4.9536211909166958
61.523040279940872	-3.2955531735610579	2.3891793546636473
61.551943006915643	-1.3204030193841181	-4.2747675283182627
61.363891113479205	-4.2507773264260464	-1.0475126940248203
62.17774461367113	4.280099639998495	-0.5298019691853435
62.983851957880844	-1.9403095351004411	-0.36878344655575468
60.935299995460582	-3.8578778141885017	3.3766108856547117
63.217677194836597	-3.5161387329673803	-0.61847782891359826
61.140117765408363	-2.3017994469516792	-4.1532971860501888
62.620044418198887	-0.17744033189325317	-4.4833984868439174
61.888530733470162	-2.8384497022397452	3.2661129875939667
61.97877675440737	-4.9552971976891866	1.6048180610462959
62.631987609376424	3.585874899704514	2.1174779283920389
61.881919800560745	3.1668466312827102	0.46204549047858573
61.244746537430103	2.0945779020509523	-4.6425363834857629
63.625391735972507	1.1450894610309492	-2.8284553959277168
63.531389430492354	-1.1543487980822202	2.1061921461800619
62.955474233985711	2.4699279063813271	-2.3186809841429903
62.326115388008915	-5.0978350699396602	-0.32650453479587427
62.169920732740898	-3.2729646920218363	3.6688537371903642
61.657078426740462	-5.0774444155439191	1.5683494924833914
62.813756426607775	-1.7732172371335093	-1.3591799997754594
63.161596296922419	3.0766936902109183	-2.2717297438645572
60.951374319617017	4.4108421441963612	1.214526829135409
61.844198919189822	-5.1647693194667186	1.3002202259330413
61.498468802019907	2.2599788049420555	3.9279416336728636
61.670714570268714	-4.3830718861320044	0.65392494546809521
62.932006442234844	-1.6679636824911117	3.6837368268908612
61.946939203089215	3.930133501281285	2.8182722219982197
63.138801748572853	-1.2604981800632693	-2.5972946001816446
62.501250768885548	-1.7241703785540254	2.1773050115784311
61.102267337606193	-4.130337736919004	2.609817065071264
63.050736142500298	-2.565184397957438	-1.4031238495254024
61.463332432490859	-1.8433622511548797	-4.7208067786797976
62.32638153131478	-3.9395984051700137	2.5666187127711049
61.112681763875116	-3.9902331239459929	1.4210069426967087
61.415607464635961	3.786073244988958	-3.2323017584147347
61.984315364147704	3.6269903070401357	-0.11979379383447107
62.021484407213102	-1.991817112462934	-4.2944999530820844
61.404943079463088	-0.61830047412038325	-3.8046931550083474
61.659585877354367	-2.9929080439233555	-2.4690149992014523
62.209291153520724	3.4659423448692506	-3.1915695714608416
62.360712397899455	-3.9820778410820705	2.411712243354569
60.833452457603528	5.0579566327447667	0.55812697551241042
61.454362688432852	-4.1659207985767228	1.8388524073327843
61.240264705623702	-4.7090106696654725	0.61086958879347419
61.834867687640447	-3.9567783322656451	3.8000317005192223
60.413996435797351	5.1742475684206646	-0.99871458111535605
63.222219162045079	1.8386506743425142	-1.8831006196598197
61.74431954057134	-0.46616615454754495	-3.2529577780084864
61.520146751876766	-3.6778652923651931	-3.4923452143609741
62.879257340874332	2.6949265408373311	2.4736855077312701
62.193602705204796	-1.3306111411301003	2.9003431887613886
63.140576607328335	1.6223037389238448	-3.1385986932614283
60.844730985430147	4.4133380392427481	-2.6391725770527268
63.706935910009335	-1.5732483424333459	-2.0268879456119375
60.859290360201953	-3.0732883512318985	3.9033929322340684
61.740828290745853	-0.0015370466280871797	4.469846344468114
62.638026817385764	3.885440729777661	-2.1340862200184527
61.385321430330777	-2.2215066831681085	3.1660669942874344
61.657172052433253	-4.7733443392201549	-0.91898771879595675
61.460760030270642	3.4583613259162971	-3.0227314741291389
62.04307575964873	-3.7668896451080456	1.5571816939807708
61.750707262824868	0.57598479889700316	3.6764870989474896
62.08456839541261	2.8853093775271814	2.4599173657532321
62.577907866211689	3.2532391887272487	-0.66638626470654339
62.025476314800564	1.0894049922523479	-4.2229746207374133
60.759492497622027	0.61702879276388356	-4.6544022158508698
62.629978801664883	-3.6995296856509285	-0.65206505739066012
62.440833147279591	4.6227226708083586	1.1224897108126728
63.288959176910325	0.26171513150998282	2.5426954001136823
62.830784623849922	-3.5716414820301909	-0.24875110473956866
61.994571645939274	0.44074628396788113	3.7208578282461229
61.595007882370396	-1.4679612415569849	4.6114007440460778
62.000612849474344	4.3572586318854478	-0.65348858148169076
62.424963834985206	4.7701045144555572	2.1208975658119642
62.913743789639021	0.24004256317531678	-1.7856560490474798
63.139157920052185	0.67376197814878891	-3.5014566150135682
63.404196070166975	-0.20738807269048631	-2.9834956059505373
61.975745915586849	-3.0119398230919785	-4.0068635928803014
62.382713962045656	-2.3277394391139259	3.0514936006928894
63.100378078507262	-3.8384417253003194	-1.49311409040216
61.876784906958477	0.64843050336018948	4.1604587739798724
61.163541968062823	3.7609082551297441	2.4326438382475963
62.769089694958218	3.2545275958947446	-0.036840748324857522
61.87870649197675	-1.8948010095313019	-3.6909670340787621
62.207807284541119	3.6997014533100265	-0.24421149914815121
63.130446210032424	-2.6332776359758427	-0.52651432931499653
62.989352172248239	-2.5969231100385017	2.2056127800276526
62.020423559067709	4.2520134374669585	0.50990693720775315
61.027632880274588	-2.5479809064598493	-4.4751067888564693
62.138733054936324	-3.576850617492656	0.94744812901982867
63.404320100452892	0.55183391709243246	3.6334238600120812
60.928628733217451	4.4189557714334846	2.5941736119634142
61.61717818505744	-4.1693708911830836	-3.4907535561258713
63.352526258472224	-1.7696530088431306	1.4963287882455949
63.000742734581294	2.6945726141419137	-2.0647183421467563
61.652327385695614	-2.4455856755441121	2.764617192208779
62.328751184435205	-2.1018219359412296	3.0024923728761395
62.983572717671336	0.42578099726732133	-2.218989275065081
62.78920200911643	-0.38786205062678064	2.9158879727431315
61.887259177579232	3.4190928948330459	1.3133448300557558
62.793168784037668	-2.5660344240115669	-2.2179014273673126
62.757043746904699	2.3434582498454692	2.705391829046909
62.069963573656572	1.6003516358764682	4.4080053446479432
62.471265532580297	-1.2273755197374814	-2.4246726999170303
61.549664148611718	4.1197195157425055	2.9227375279697916
61.932892159596186	1.9581127124887416	4.1876210392326829
62.65095761231801	1.9250879984367033	2.0975506775180013
63.827212927619129	1.5556572381878297	-1.2689902775571003
62.206536919774919	3.6022576606728842	1.3383919251847576
62.609567677031109	-0.86258120465055355	-3.2926061404399762
61.562223173727027	-4.1357853791128925	1.5606933590671064
62.098942636596902	3.6611203865042437	2.0365192557321317
61.196929585908265	4.9702730459771658	-1.6475712184034312
61.643767453959782	0.47413663364538505	-4.2710729022701521
62.549049936219362	-3.2323033192460717	1.1271558760143185
60.935553520475239	-4.5950886429218203	-0.23799239236502587
61.978358446086837	2.3505809861633384	-2.0375700084074024
61.009709676313548	-4.3159823999633069	2.7322584135501615
62.244132754545944	-3.1526585587379072	-3.9878241911592616
61.235690191355765	-4.354577326210884	2.2393281944955188
63.201218643625914	0.40762620315537329	2.1900606592402059
61.554716678920563	-0.83092421231136193	-4.4613195504992778
61.741505744633059	1.7574102027499994	-2.8542853436290101
61.633631430748338	2.9650838945498128	2.1374581683195051
62.300338496273874	0.78265652376287242	3.7061175028225253
61.892012212318569	-0.96760393698815206	-3.7546612501164978
63.512368495884722	-3.4307469379797908	1.4579342360009826
62.615529331128783	3.2659535431375568	2.2519586125199353
61.788749160027947	4.7766154966747312	0.66118615326249464
62.20622400097313	2.1336210022686823	4.3851000212015023
62.362997075447979	-0.17711380384763095	4.0701340716572023
63.074875329157123	-0.99824506170097349	-1.8810645864506665
61.719564882546976	1.4272843611217594	-2.5810079934992638
61.011272403732889	1.0614628233022076	4.3815102814894535
62.337797062034113	4.2418881989291846	-2.142138643878253
62.186986156715392	-3.5254718057224887	2.6483400969264701
61.919004388297559	1.8086223761623972	-4.2979347342106529
62.353514655120456	3.0361496680924054	0.20830006254086897
62.672454789810075	0.12177825988088106	-2.9578137555931603
63.419288478147166	0.39294574155445583	-2.0579678084345248
62.34516552907391	-0.056371958530317429	-3.8823313023345594
62.516359867014735	-1.6620779207030558	3.4251917661209079
62.789410775388113	2.0798710827447469	-2.0244555815542467
62.78348369390585	-2.6622464225681037	1.3237498678092676
61.075632733736867	3.5934223308009594	-2.962272593993815
61.745322916285815	-3.1530396216948002	-2.787138534039967
62.624901805350362	2.7032426880193707	3.5807134805719865
61.327181128723161	0.70449216929952407	4.0768615898002922
61.558270891504804	0.91771713399012	-4.7520787094345271
61.862303186745386	-0.0063110871278245018	3.6011492292312517
61.95366717641555	3.8780342241523194	1.0370959713771533
62.815526127366127	0.54349231781551077	4.0172702082223886
62.465164349102288	-1.7587449991550714	-2.8929754498334934
61.269207736129736	-1.0386153830779796	5.1642047837606402
62.376565648850217	-4.1303096494354001	2.2775816375184745
63.082002063775313	-3.0022028545112578	0.29496615922571812
62.98939926502031	0.58526524896769849	3.0712055681351895
61.287082639557916	4.5116142351507893	-0.3999246779575476
61.692241932013914	-1.0339545375164172	3.2416445449407227
61.949855810442536	-3.2704547173624063	2.7267324012902647
61.572388735037549	-1.9177703962194494	-3.5024858840464712
62.336518827271725	2.6086042555193032	3.1028285400893383
61.412875373625191	-3.393616788288035	-2.6164584528507562
63.030586685101653	2.567179662801768	2.3315471397708607
63.430784122746026	1.7632662315995635	-2.5074593125887508
63.652189009866852	0.93278398315171629	-1.9228268877800039
62.212253243359008	2.5304809790346394	0.028321918071311989
62.079552371277423	0.30851077432914403	-3.8500518594472903
60.278914683231626	-3.0773657116062232	3.9227143093431138
63.136032824923653	1.7306107992506434	-3.1222002701267439
62.505561199642443	-2.3098784261129532	-1.1079574277432855
63.668068088703791	-2.1017642140855894	1.5501173291280519
61.739868519965484	0.82200190662240513	3.5076504320082664
63.18207140145006	2.3970118220924443	-0.50054712345803132
62.636652415321159	1.8361363597664297	-3.4575679410631395
63.27865255068933	3.4221243908474306	-1.16871194909132
62.557020808317176	1.9313777819514453	2.5016389692271983
61.809395296510466	2.7322012715444575	3.3561483716541542
61.411885793224222	3.3292549017437261	-2.0052966915377137
61.758833317184774	1.3215009908542521	3.5993950972586992
62.308963738099365	-1.5008668784666315	5.1667331534420207
61.447437312828804	0.9669644007215753	-4.6246693073276086
62.95315654373595	-0.27854426203930377	2.9389669182074316
61.4533600161161	0.05338040985481883	5.0841661212843743
63.347609939809679	1.8898425039996662	2.8683733684841539
61.620486725188755	3.527771281023083	2.381706981506329
62.737692942085289	0.01212279090584761	-3.522385266240132
61.489804660290901	4.3015668847308142	1.1270494857369784
63.911845778591584	2.440231622927858	-0.44722460046377532
60.493434961742018	0.29161654329038061	-5.1572651985666393
61.490454641837708	0.26926381411192896	3.3463355410585858
63.410121002394057	-0.32438704650162936	4.0817991543985235
61.013940557488262	-3.9675163957797173	2.6111584492420472
62.37341769781235	-0.69135816680551887	-3.4771443005434297
62.092699399669698	2.8892560880515399	-3.3787481885992485
61.154220589017285	-3.2444761166020233	2.7707947993635567
63.369182982074271	1.6314369608344763	1.5253986579320575
61.928740932491742	-3.0214852302349331	1.003168179144398
62.896818104320488	0.84103451180032163	3.0510051029171992
63.043574796239689	1.3797608486494342	-1.8779822130847494
62.962624030699274	2.748272759506317	2.6980484563248566
62.47304559625595	3.3644063826295754	-3.5453135191882872
62.369366984722596	3.7904764983906878	0.72768659391867196
62.050251626621503	2.3853318820233724	3.2400378318437664
62.661983786721052	1.2232693219092021	2.3255995121670452
61.744713289284221	1.6244668768053168	-3.2028358150414187
61.283916654141855	3.0995561548967157	4.1144152535718277
62.569660813808966	-3.4105939762453543	2.7705562740552869
62.71839550478483	-1.4230349742405284	1.8638143562113858
63.468763567009809	1.8146611920001812	2.6144389463264099
61.524877513865292	-3.9982454667267673	-0.057868386616296813
62.650591696659468	0.35600579362685286	2.5483501242539348
63.854166587296575	-2.6505100390556868	-0.67738189963362938
61.166572662922846	-0.50637772834246997	-4.486878306311854
61.510285096353108	0.062817569893696829	5.6457002472668254
62.850108405139345	-1.4184449895252011	2.5138071201887286
62.634788547455621	3.3885303916974077	-2.9148826239832086
62.264981508081462	2.9885252442211128	3.5732062549912946
62.045759771693049	1.3586127433279775	3.799746914973678
62.922327619718899	1.9274871802652156	-3.5271804015371706
63.63696529417291	-0.90435809270558731	-2.8581358414366247
62.373103675360177	2.1871583318701502	-3.0699934266912354
62.287540270465534	2.6982441263764958	1.1021258490161403
62.156368761672049	-1.4353675835281055	2.647716936821392
62.207408581139958	-1.407877252545396	-3.7369876926774173
60.987676133162758	-5.3780000638265459	0.37737052951478711
61.938361000629008	-3.1894141286007693	-1.8459709221458478
61.008881366754444	-1.2830998214978722	4.1917444890002171
63.35065880417622	-0.38862462068921988	-3.1511633724888153
61.485069995174641	-3.7021361641406827	-3.4855440859829017
62.022033677046423	3.421445306938578	-0.4198104673540155
62.592205335412096	-1.4953043853661447	2.8450575002480507
62.164163976229055	3.4247540791790199	-3.710929649155537
62.409363880511883	1.2430693511533677	-4.4566050438558014
61.554487313865906	-1.0818621304083362	4.0054790931445234
62.802070186465848	-2.8475507874859831	2.3236661560077323
62.524210066471994	-2.2120240391245058	3.7304391911574535
63.230379308370374	-1.4329189984333328	3.1329412075747105
62.899516415890417	-3.6342888097891217	0.53649028489759309
61.797191734856412	-3.6073248393352912	2.73431989230034
62.868926275625142	2.2434226539283126	-1.1504099664599152
63.364086137021246	0.13887352714891707	3.4471918981860137
61.21764918628832	-3.6237255380317088	2.4249499945434789
61.701962291043934	4.0148929815609815	2.8811463484456361
62.729814924648316	1.8805250491100829	3.764315685106097
62.387063880699372	-1.5358726581139108	2.2665848516282603
60.655997431859134	-4.8279825446924018	2.0605475740709509
61.230072449979396	4.5984013139166491	-1.8847324405431181
61.207652625251299	-3.4773517273814933	-3.0923025962159856
61.322194618044499	-4.4631112698164559	-2.1711624951269637
61.910982943799745	-1.2143648429159726	-2.986831683996384
62.409321961958547	3.2813639683874878	-0.93088862145942408
62.449767505242697	1.4575613429853045	-3.3955401588682448
63.001050420097101	-0.98086815260370075	3.0087783898652827
62.837164584172235	-3.6851225817025686	-0.12185883008863511
60.717806948173404	3.4148663378640074	2.5600885081569738
61.915597653154087	-2.5393773240361792	1.8169324425938149
63.117062497259994	-0.39300298000460643	-2.5275775130593741
62.837565027666123	-1.7368855092311681	-2.8713740814831743
63.078539881324559	3.9140001728049048	-0.43607752535626476
61.768763489937761	4.3639093953942663	-0.22311077245110653
61.326320801388349	2.7312659140558835	-3.2299874822455061
60.774243351445023	4.8513621757408592	0.58489019030102141
62.106004250473958	-3.1839745492491809	0.40611089295465486
61.799992651558298	-2.9680136348934134	-2.8612824410833104
62.820446510755538	2.6635417634202185	1.7919858889513613
63.516122558068403	-3.1255889076576069	-1.2278133860797238
61.815171245376668	-1.0970134877046578	3.1519361702719286
62.424343847720486	2.3700600956223252	-2.3400607180230062
61.180825644283665	0.587541909851239	4.585652377543874
60.816932974397616	4.4066657498298714	-1.4222723174792429
60.445325040645308	4.730290251260616	1.178335752482645
61.24684118300268	3.5751933310486121	-3.0892235347976267
63.294509056549217	2.4531352958808825	0.15694803599245397
63.359855134425764	-2.2181457311488719	-1.229299356347918
63.593869094207157	0.50384280018136229	-3.0922414769936313
63.150767206447306	3.3231253394956606	0.3836796373750091
61.969739647641589	4.8083615843558487	-0.15685380527596665
62.369194201623188	3.8053619446801985	3.4624995036287913
61.887287969912904	-0.10250740956954153	-5.0105761914357752
61.880469437169779	0.35101953668666674	3.925944148896257
61.011560977531929	5.0954379481388639	-0.71939801731693698
61.492733818856742	-1.9444352366376589	-2.8377695172698179
62.94216519115853	-3.8099192054941877	0.93215396524702576
61.694568410902413	-0.44780109629198017	-4.9799827421496268
61.827930299608788	-0.89508147037153118	3.2867274245105071
62.355023252344942	0.77387840377679917	-4.5790365792404
60.662895493952966	0.66025452064743895	4.8544027363146176
60.978515345338508	4.1065872252229516	-3.0147725043890912
62.538678476359642	3.7733463079466252	-1.2254713883979205
62.470361517937	3.4421391646391233	0.94029555459559722
62.331553721752378	-2.2416624481333121	1.7439935969683227
62.838248725083552	1.0460984648009992	2.8380848790014728
63.400244696189667	2.3887163283657875	-1.2129229112021185
61.802499500938573	-4.2044072980996514	-0.25008926848473401
63.460136027277024	-1.2001153694412925	1.5794677821527254
63.049882511973273	2.0659945225605707	2.4629434996658643
62.432182135642492	0.86920220911569024	3.2779206477100589
62.235876872958066	1.2172537823971357	-3.1040740898396635
61.828701904195782	-1.8057535591320319	-3.7455163718216946
62.421313822325246	-2.6912883621338466	4.3178816483562938
61.639668003247358	-3.032182360712623	2.8170186877158581
62.598250215297448	3.0897098515270907	-0.6568342135180566
61.460826440812887	3.1977312452488356	3.8420787997458987
61.499816264321375	-3.2568764573305771	-0.28133644818533526
62.277265083641545	-0.5676778578492363	-4.7608593255908103
62.648620129913375	2.4369397293263941	3.2070976983904043
61.94212619592524	-3.4520054153450705	3.1352058943617651
61.227328656963628	3.222060406405181	2.9773340955233509
62.785680910553346	-2.6238776465898477	-1.032051056569472
60.430196228174047	2.3811596565865552	4.1696885253074765
62.307762449608184	-2.8320765032463715	2.2410210478356039
63.129242077054883	4.0170176228965042	0.12269108164807475
62.257377031547087	-1.6969411218097155	1.5278523606246801
61.472790737918949	-5.2500373150897577	1.4073884266520065
61.784513824200246	2.8774858970933712	3.0899183957931005
61.777998403085171	-2.7160446339544628	-2.9954820804813984
61.739975834135102	1.5773663182827611	4.5081353437540983
61.344956234474012	1.9492337544286613	3.7205873563514822
62.042572658912583	2.4930703216903938	-4.0330942740899305
62.361462834408954	-3.2986176271705943	-1.9797515003399204
63.376663645757759	-0.044934411655753723	-2.6482924385446371
63.66838415340947	-2.6100350359561832	-1.8331698005403096
61.08481196602613	3.1525486900727451	-3.6306076856652747
62.168901409570843	-1.7014007246488141	4.4948833238418651
62.365874905833664	3.7689921666593267	-1.1113455891077453
62.64850406886945	4.4625332617688915	-1.4178334423015821
61.734062483503642	-4.3928450531434642	0.85805713112620696
62.102990269265099	0.89884297298903137	-2.6830573827001905
61.801336025041202	2.7478066445467615	3.4359660092161621
61.195628275080324	1.9271062438020043	-4.7626426569821518
62.933909449024775	-2.5858578753453361	2.2433357599650545
63.924751787835106	-0.66167460557386493	-2.1349500838070292
62.498916160065029	3.635650437772707	1.3445858767879892
62.647019090975391	0.80647728116466866	3.6859677452787154
63.24382876472324	-2.4412103879716329	1.7865816245226349
61.620962000224964	-4.7977863538903875	0.48095765172765725
62.682006977669822	-2.4757981306343573	2.630799407548889
62.719830312707295	3.3091609662629251	-2.5471774099251112
62.925709190290213	1.1020253789284504	2.6929142593668218
62.45989826020471	-3.823078238403411	-0.20104335286390307
61.477499859605139	-0.0068807851045645371	-4.3271782520595652
63.610673482207559	-1.469698416604186	-1.6961291090133399
62.280610277208332	3.6328502426873865	-2.7315702309104664
62.728417926253876	2.6288241106456662	1.0690260620546976
62.741389637314164	0.088859770206565783	-2.3102996753769158
62.178431806608515	-2.3576819495670542	-2.203194191309179
63.330404431587262	0.96298489875386939	-2.1893719562090652
62.318428662087335	-2.7262760854194563	-3.4036887732044829
62.714558942583736	0.61000633138661342	3.3249000773941555
60.801831005570847	4.5097929855232781	3.1039058277967957
62.082575577591165	-4.3543593475003375	-2.9143092361703884
61.060813722829849	-1.5818757962203491	4.5303142895206729
62.451949359662471	1.6032680736612122	1.1959023636433599
61.517440940163333	4.0736814218034123	-0.5802379151351309
61.291760992959624	-3.5911776079903346	2.8622069062767115
61.905768776454096	-3.1869492029547906	3.6963589366120342
62.989566464986808	0.0696619754138081	-4.045460999597962
61.443369036430269	-3.2067461578935883	-3.7676943473453108
62.061543493890419	3.6654152395577571	1.0961903548049066
62.719452711401672	3.8058080870781965	-1.8094059562007174
62.336056706589417	3.7408395479009138	1.5566484229927475
61.136121154678712	-0.41445970942205873	4.8109059732191435
63.405278441529575	0.50038296770912916	-3.3740669561619945
61.042067790675183	-2.6087951520518002	-3.8005539600169334
63.08493244950607	0.64466758310258043	3.2380791641327629
62.224190937724032	2.8304470357698519	3.1507777735810381
62.344524346458705	-0.59624712735725993	-4.4587199133700155
63.212584089567052	-0.96700935009297073	-3.5357508342522541
62.31865164648999	2.5617160628677662	-0.90763659486602744
63.547465661198089	-3.1697961407581223	1.99587319054368
61.187042113109328	-3.2101518152787891	2.784095609527407
61.072041522566167	-1.5413162758388443	4.6668873703889835
61.839056624666746	-3.6590892569356859	0.52312425501635851
61.333664853029454	3.3590788320938385	0.08248639312859464
61.074744051405169	-2.1076109531691212	4.6521618958041442
61.161237226153212	-4.1511660770476633	-2.7191227905135209
61.806902587698275	-3.1141409138107443	-2.8859710642392997
62.93868976855611	-1.9859759712256797	2.49804619224955
63.080752236900537	2.2306763755524033	-2.1053619277072593
62.252747682817429	-2.2575094246925107	-4.451680746886356
62.1806506404278	3.6761830401120212	2.9120486181649556
63.248523594912463	1.337511082209794	-2.4770747082903823
61.621860636537249	4.7542849467357096	0.084384911097200255
62.229108254303178	0.48005429443263054	-3.2547724689444513
62.892830793996424	2.1915494774119995	2.6649753490500285
61.68472457966233	-4.5196873888662852	3.6734862860472601
60.516516197159177	1.0843602891001103	4.7601981327894736
61.287292215091028	5.209115378165202	-0.33930966899268084
61.003883627418972	2.3434424979433159	4.0010142520803234
63.127614309588367	-0.68244832990229731	-2.2799413718785053
62.326298916944943	2.4822676049116521	-2.9953346010259567
62.76353251924666	-2.5589692366397077	2.1389341275491982
61.731745338875022	-3.9979768624623047	-2.1611304501705773
63.11943907190205	-3.2607464316759796	-0.29709929466122431
61.224795738396693	-1.0919461519409006	4.7761615484907027
62.207935978078758	-2.5118467841374454	-0.4937244343128277
63.013122696466162	1.3173717738667967	-3.496907639196253
62.761952214430195	1.4920910296353134	3.5816620656210851
63.260116170294665	1.6783764939930865	2.6690187722196046
63.56888726854126	-0.86307423161801189	3.1981062367750952
63.390750375720131	2.562586383023072	-1.902799478709476
61.113443200572107	3.5749426681347996	-2.9637075138135578
62.3662236127334	-1.6737991927617386	-1.3657005639560729
62.414628527122055	-4.7688119784263447	-0.87924253109613792
63.447561094945804	-2.1902644928099457	1.3441530232795578
61.827574564339891	1.4230723686858275	5.437102184135564
62.238084786877259	3.2724884913928562	3.6618409012089552
62.259613518156478	4.1826813176648638	-0.16219398143156263
61.410321851982488	4.2199514998421916	2.8957684363134026
62.03612722594336	3.0383183731701826	1.0003443425051102
63.517268674865932	-2.6841809880717844	-0.56874809116685832
61.6439033550011	0.61905174717370837	4.3064742916567784
62.615209700302849	2.7906575627528838	-2.3074458020494357
61.650873964906665	-1.4306983768581367	-2.9193523502533743
61.339829216410926	-3.1671640418091247	-2.7828202875516665
62.022186194782861	2.3257435632353536	-3.049473403028248
61.436118733110249	-3.4384394821522206	1.5064844365261201
60.860264024970341	0.69849168825790753	-4.6142817226396282
62.012257693438031	-4.230821461070275	1.526429871198645
63.194657986291567	-1.5526085509337277	3.0894022334462838
61.809696326549862	4.0567895432202121	-0.57315021945120048
62.596068990161271	-2.1170863697343418	2.2750608346001995
62.080427450500139	4.0422729586895123	3.2126258190207828
60.53540765892685	0.59226136477597668	4.9740567249275065
62.538051270194842	-0.88811015948550431	-3.9443697761609395
62.093674843432943	2.590092094687289	-1.1965911966163572
62.221875239372707	0.71808446668850401	3.9976471491580905
60.771815910241244	0.027720441548044612	4.53758103888799
62.001872465090145	3.9350696433041703	1.4640297900411507
63.692515617704323	2.3916104480737017	1.1016469015682404
62.203656153136919	-0.98837672737946636	3.0708579004859256
62.759316932727991	3.7014481305483087	0.13310477806677037
62.715162123967914	-0.58126192418262657	4.2479990110666499
62.406381953381455	1.6515643618540219	-1.2789994587679692
63.582633322731226	-0.95884227714394432	2.4199349443097189
62.347761773233039	1.8572028424709939	2.0621334959999706
61.974000433111073	4.1608170535172997	-1.8457893855958851
62.698802363896057	-1.5187993245307405	-2.5069872861265829
61.546854060470004	-3.8076092157748338	3.6156229358627647
62.013989977006567	-1.3821386088885192	3.8442930888507156
63.455062861190889	2.6841619831781158	0.93181906123966718
61.859355661052582	-3.0670055440334956	-3.358493081611357
61.438255598173015	-2.1598513371392078	4.0885946690316892
63.628707022765681	-1.7041400041540153	2.3067780613576785
62.652343757174449	3.4422225156899993	-0.33338686167494103
62.848511542198629	-1.466492465698958	-2.1497692156242709
61.892798764259005	-1.9656069271845773	4.338482432562671
62.230802340304201	2.6591209672965572	3.538056009524241
63.398281697343691	-1.1582477327849698	-2.4702904931914524
61.969525127747325	4.2462853659950426	0.87900949272102702
61.847539062611595	2.1774066163527666	3.3076909854337884
61.630835674402157	2.0773133298384776	-4.8620068459432648
61.21754908931819	-1.6292808049815133	4.2813563858745605
61.375481592311409	4.9375612462706364	0.27422330660528205
62.129853329799005	-3.8263798758789385	-1.897049885704857
61.838572401028792	-1.7863432001890935	4.5393226176468779
63.562407920602602	-2.9229871718801514	1.1677762937686418
63.1523681594444	-1.6788744778774818	3.3835008892671352
63.772161420808096	-1.2955150541998826	1.2766683843140725
60.75487180305943	4.9355860324500531	-1.2021874965281389
61.371735721186468	4.1443272909636226	2.1035792883605748
62.4383564941649	3.2380314124243523	-2.157211664196828
61.740299456539695	4.3918715732542291	3.2030839126309214
62.855481188791828	-0.3786770054761126	-2.3709568825756158
61.983518546575489	-2.3937632377350155	-2.3752135827333967
60.755156031611712	5.5532538657891957	-0.99830104135682096
63.484795055043421	1.7331277628214834	-1.582115780031299
62.363656549822878	-0.40258109177069568	-3.0509314916244072
62.267625185025018	0.98707538848170351	4.224591558637826
62.641328688937577	3.6469400172831588	1.0071617443735759
63.484814253560636	-1.5914142934388222	2.8682244602174971
62.263563428835617	2.3447230709118072	-3.3428302714181561
61.259334357234309	-4.8919202827270363	-0.29011373768309762
62.980524515297503	-3.9971767111516656	1.8259530830439044
61.70834335632248	3.8038472410617565	-2.338026348169759
62.258254226442048	3.6596311256244203	-3.2981660072057926
62.434195863368089	-3.8342496340573025	-1.926629978542963
61.722975191603211	-2.8393104578934714	3.7854265382598564
61.211728101163587	3.7331363233658745	2.0832121178603251
61.293322619423193	1.4037669539712903	4.0729792435715062
62.461483504135103	2.8420514706240771	-2.2505227221127884
62.923598473233582	-2.6750236647714596	-1.9443676284158897
63.377229839914442	2.963110579573931	1.1179127731751812
62.710172374848952	0.68181271745624938	-4.1549648004495872
62.473274512140577	-3.220719403446231	-0.69554802111752345
63.491864222202807	-1.7609277905440432	-1.3008584502030276
64.084831490642273	-0.11438310778658567	2.1744971776736746
61.922518075540104	-4.6656700383013039	1.6296096347830489
61.648328993444252	3.0585975007091193	-3.7351682023700419
62.59368158253266	-3.4394126366170368	-1.525988253189966
62.636125385077285	2.2742132103517614	2.7003023511236086
62.447528527080372	3.2182225717743425	-0.76552798772735342
62.119908148314487	1.0162458230724898	-5.2106890473072571
62.886909570906987	2.391737363248168	0.65714740310657105
62.617078597004067	2.7142690268601908	-1.9743557636818452
61.453512195116573	-2.8473005830683684	2.8379316299206043
61.06985981280765	-3.346121343171077	-3.1096446447209196
62.813467763939201	-2.6009331773134199	2.9338650493265366
62.234790280944296	2.6955930315873311	4.3231976794671203
62.164379228378415	2.1943452191639317	2.850233051181593
61.376852103558981	-3.2697169225980245	3.0578996899857853
61.846861617400918	-2.5656886684205151	2.2994805141470511
61.49968746258363	-2.1091769577082435	4.0723687076936246
62.188138316095987	4.2292634036571162	-0.15744128005787694
61.958447683072414	-1.7100630931616474	2.6118651664191264
61.279015721191179	-2.2376956125763732	3.7621174755326514
62.844724045142286	0.73638530163717231	4.0732731811540903
61.494213561233011	-4.0866309291878409	-2.5165685439013519
62.817162246297158	-1.6702096707066232	-3.3850315114461869
63.234675004571841	-1.7279246409266225	1.7779267827777598
63.581437599339267	3.0227255452996817	0.58138659222424516
62.064075892153852	-1.6399904170580861	-3.8329789348439083
61.854853169932618	-3.3889296437942154	-3.4417491528227351
61.904260476448322	-3.6121635971064756	3.7699187368156091
62.202318669806303	-0.24052565954789015	2.89773862732376
62.43927536864885	4.3811679913074792	1.8632546410491746
62.182831139962119	2.1078993746987047	1.3978398162599988
61.333252157670358	0.064064584930146773	3.6582477263227622
61.894593534115273	-4.2092223677906251	0.78294938219029853
62.33692958717031	0.71994659457822152	-4.0061677996377938
62.927906657253573	-0.8427909645200844	3.0458211188355473
62.416212339300209	-2.0941993675298196	3.2576039694472461
63.585066899780543	2.9415237464313755	-0.29852501953421606
62.498419557182487	2.2192827509395432	-3.2459742217553842
62.187384099977386	-0.49962650672359277	2.7034473017265599
62.175161404687962	4.2434862603759909	0.95812175735078153
62.320270307799106	4.1115459264306722	-1.1987321096545267
61.773968188607114	4.337572164793813	1.8407257605770813
60.964648420070354	-4.6817142371932849	0.41637560364184312
61.762110693725568	-2.7035143405319464	3.688976123622512
63.126998316019389	-0.93609502052838622	3.7687657825116627
62.079442611425925	4.0523944010945074	-2.3071289080162032
60.447085065017518	-5.2095772155313096	-0.42158749316729832
61.64803764061157	-3.6538667339397675	0.26779598151309658
62.738308820105473	4.0670038863756162	0.063251541863411032
62.784156279352281	3.2916580780458395	-0.54650551483019361
62.538684811956401	1.2202502620196749	3.0928013651803714
61.138880711919001	1.2037678812054089	4.3476125123468217
63.369902033877558	-0.37342186198276706	-2.5161937195344617
63.054513104457548	-2.1788993477250806	0.26140259447182096
61.649518445704309	4.3465551384953853	-1.622872196495567
62.127914352831404	1.5705435452509846	-3.4461980257580751
62.436947375052299	-2.8913658432274731	2.18114295480239
62.326778652812052	-3.2877287524026064	2.247671593958402
62.63805474880369	-2.5117731658468694	-0.69998543815311531
62.766476828860533	2.9357069657180421	-2.1988701101350272
61.907365581527898	3.5236330611394222	3.1037396237875488
62.68556894450402	-1.9983517212324122	3.8330426922016061
63.401585732389002	-2.2067101683401353	1.0158515455754269
62.764783060257493	-2.5796683788814905	1.5443546492949809
63.487707492361778	2.6974530295333294	-1.0772732771573461
61.313623885901386	-4.3191307946258641	2.4633878767001476
61.449996460713095	3.4984929772697386	1.2784358682337043
63.158228241252495	3.1752016567741945	0.53760608941093291
61.885906827871224	1.8287627648417497	3.2765267874689505
62.649175301082025	-1.8189266642890238	-3.6447035409289787
61.809910877960796	1.633822662161255	4.2792394237042766
61.644111317356497	-2.6639658713967238	4.513054108343912
62.657753945162135	-0.92633691079185643	4.5298896746557702
62.674432000720692	1.6525434116336573	-1.3053055766936168
60.597227429718039	0.59945681695455555	5.4223556221988121
61.987121450556167	-0.86666710422206894	-4.9033195460012537
61.172347826443819	-3.0213130763525062	-4.068366332504783
62.086015487124627	3.116731378213784	-2.5845897398003186
62.544159844313391	-2.3383016575789735	-1.6797084154298403
61.965112737029351	-0.028054267653145611	3.3863272689268231
61.51370811117377	5.1841349796909793	-0.57180478690211334
62.55677178274474	0.96381412813430167	3.1207491289488156
61.356975475118702	0.23814386946016111	-4.1320495654407612
62.050626539109459	-3.9485805640284677	-0.46661606978005465
60.934564346312968	0.42617815383089769	-4.6376927206352292
62.30791202597581	0.36908829292189749	-3.633231350742105
63.461340623143094	-2.0094603337895185	1.5342131593946413
63.015151690706126	-1.716096417198351	0.99009868545666713
62.629739823883135	-1.3906848754499688	1.7347495044207817
63.108655730285321	-1.987166301782235	3.4481645555708855
62.594840666187991	-3.7518616280099701	-2.4753206719834706
62.39334315789695	-1.6379731245019344	-3.0916519452594304
63.236350723741154	-0.044518859335432731	2.269197285126753
62.259510554575662	-0.038794377799134888	-4.8083421537270432
61.934609476003942	4.4671781356530804	-0.19344432811338835
60.970035203103123	-4.7685956685969577	-1.8575236875750241
60.308962970163293	-0.95711142677286265	4.7207337633078046
62.326229209275937	-3.1537622697251275	-3.2779309295609456
62.486759537038367	2.689816101862446	-2.0847421260972641
61.022038374655828	-0.73563646320119491	-4.1191355438352604
62.571190300397198	0.9777596434529674	-4.2664563852163555
63.290501647410501	-3.0865880504513998	-1.1341159110913548
63.850863175739214	0.33691932108195149	2.1137703412781534
62.437704172959229	1.7923943078284106	-3.134584279862072
62.495042619790787	-1.6827455750074014	2.0150059911470248
62.986083263594139	-2.600494473813578	-2.2198232895255829
63.05087254017851	3.2199126127562092	-1.3205497404439099
64.020389070334744	1.6873822477911855	1.5997181204105346
60.893127337671224	4.5577641522986845	0.098666895273146468
63.513809184088835	-0.23174423175789874	2.0003527782961452
61.852012234322025	-3.2033214570659632	-3.7795725122718764
63.796829836807575	-1.2571294094360261	2.3634170452750842
61.629338665120081	0.6735327126706947	5.2212539640792253
61.910766062614989	2.6365037291395801	-2.5388661479488945
61.70180568775676	-2.8825338574223682	-3.2412319043018827
61.792964474648109	2.8194053534677446	-2.0253116282136348
62.812313075289197	2.9671987187156441	0.71366477746393386
63.127351949670036	-1.1861277201390492	-2.5380323112397196
62.250722072457101	-3.8157451825977358	-1.449282044419961
62.409427553860958	2.434243669339081	0.48709866619338549
63.521160416017189	-2.0316657661318835	-0.92862013499654772
62.433185286216712	3.3400832946643262	-0.12368060465318856
62.143151356218631	-1.9457491492988761	2.7548360744251004
63.744814853591485	-0.13702617674046869	2.6834867220209468
62.501972688752012	-3.9022907571139207	-1.1160136351361143
60.480744889890126	-1.6489808899469844	5.1848919694857187
61.570751279533063	-0.28126102925132723	4.1449485135377433
63.008373767611474	-1.8517014286965514	-0.81999607350764048
61.406988696250068	-3.5210103946040405	-2.6304146879469283
62.321254536920264	-3.6174465357407182	-1.2065118221698219
63.715812533254287	-1.6801908342537197	0.41244323323923709
62.74875322591884	3.6227470728602458	1.1555458516486714
60.647032394349814	-0.62635692338281868	-4.8748354013025139
61.268687139656237	3.768646811202732	-2.6151717654237117
62.851145651510251	-0.75320358433720425	1.6154294734987085
61.817604189408215	4.5259426263558069	-1.9946559926110756
62.143630108972616	2.5317410724542149	-2.0091632577987046
61.884624712994338	-3.2839182183317637	4.2345788184803972
62.243521814526062	0.85704234875903273	2.5588644823174187
63.290075837043119	-1.7191139194953773	-1.7825989347961526
62.310484403695774	3.1012182445530758	-1.9574382615935562
62.423836578060879	0.31604991892302481	-3.4858217481584046
60.850090730613928	3.1919452405457585	4.0789919202052953
60.655062104848291	0.15654298975052466	3.9825202232005239
61.809656456794116	3.9496811234594769	3.1018058800817299
61.219740466874072	-0.83504884587995931	4.3820861017458679
62.229770370568495	-1.0636660426975797	-3.5211408105301687
61.43938526127932	-3.8804568705056512	2.5056090872812966
63.068910211509177	-2.2676751637833363	1.4339659164284746
62.689506512332905	1.3821859694512029	3.810183415032657
63.41252581582507	2.7936819385501308	1.0309661573969149
62.510876730887716	4.8469709733651465	-0.56406247897669104
62.496723319715322	-4.3175148970070474	1.560568125655811
63.195730231169527	1.1971107691771772	1.5164983827753333
61.560402694728403	-3.0052595052441116	-2.6118929306926524
62.096088941131683	4.0156962611463793	-0.66863979651817951
62.417360643717934	4.2247218180589678	0.77810281310636964
62.310671179619924	3.8821594223920064	3.4602920856716062
61.541067483401825	-2.6598840174832614	2.4036438306855379
63.810709619424401	-2.7220347147619637	1.0553446333520842
60.639072802786707	-3.587951654511389	-2.9840810368812818
61.970571571211991	4.2162621436034522	3.0469693225329175
61.300973992746542	1.6110928612628173	-2.1456787570674822
62.785899884273434	-2.9892050933759466	-0.47340571200779602
63.603929462382737	1.6652353478958388	-2.346985004642014
62.957735439836398	0.86931536197774728	2.1172617841154735
62.69447468695774	2.0171407847020406	2.8832264173385695
61.729665309186338	0.71979635453313062	3.4855645254677827
61.299474727716095	-3.5575526298779727	-2.4690810632256279
61.67307749579011	3.7381624068561194	-0.61427755497869108
61.298326453097083	2.7320323242805307	-3.7983984154673256
61.444067908996118	-0.15783538906954067	5.2220744115158473
61.670786557276863	1.7590616266382744	-4.3191655469745456
63.487917481417057	1.8897616389555998	-2.2103695144251514
61.425915710137787	1.2051294639763015	5.2908682265003035
61.840536427782055	-1.5875097850006048	-4.0806958929658217
62.055008280266456	-1.0470917953925762	4.9936738191953767
60.699974963918017	2.8369460122831649	4.6408241148841975
62.407529565938511	1.7822371835419395	-2.0854077419928263
63.844926342084683	-2.2197420357969686	1.0415569718307591
64.026321749668284	2.1495930172896651	-1.0828843437341338
63.091574391711148	-1.8562968783530993	2.2684287277305573
62.249260599434052	-3.0652932334084997	1.4680552901128245
60.530479820188411	2.2207817044256783	4.7249909141379449
62.272547429089443	3.9829671292668194	-0.63242819146641915
60.954212067650126	-3.8329887057305077	2.2257733200818652
61.210521316491977	1.8121185910726587	4.5312840582894651
62.580246547822419	2.5170922938248181	3.622132321187689
60.969917252786743	4.7953139172437806	2.0305766663185532
60.807062714708131	0.62357533738187321	-4.3024477132379646
61.198302721533004	-3.4359654577743388	2.6753270827045141
62.836185717793249	0.56740559599250917	-2.1920116005553654
61.637330341842812	-0.53876222798491658	4.1089768926183918
61.731241980441546	4.1196864519041805	1.7754972165162255
63.962104591925183	1.0911104697775984	2.0870803286304067
63.104859973779199	-0.5956582007426009	-3.2268598338431072
62.707110196102796	3.7719068992637976	-0.71904736075608022
63.906648263153144	0.10491810702751631	2.3692831948095909
62.812024083732382	-0.76999693129921432	-2.6026606001653487
62.705815732030402	-2.2303277520007176	-0.67267839894166137
63.398671946127095	-2.2675823027034943	-0.9765049646353583
62.170530706768687	5.309665974470211	1.2415097191142261
61.661750760859547	-2.7953260952749388	-2.2885816797325385
63.146930889686224	3.2441899865456487	0.72702976948882181
61.184451709597823	-4.9674775284777626	-0.061326801289872467
63.48537263055308	-0.49091086668416362	3.1660555769018419
61.502137276410338	-2.8914097548244859	3.1976929637318561
61.577469891173223	-1.7874478099615396	-5.1182770151297854
64.069948927084383	1.1015025067457227	1.8318649700413518
61.321797070915352	-1.982939308089964	6.369378490553637
63.032815546970973	-2.1767808695238884	1.116538899996504
61.280401229446056	2.0999730574196289	-4.2211199275344669
62.197271790769257	-2.0722442223827739	-3.4381912011828253
62.44887380709023	2.7453578489573087	1.0048598330524974
61.358319293901104	0.92851924468549196	-5.1576878668781063
62.417740761575459	-3.6601461081931208	-2.2053379693053983
61.05958093606791	4.5280182938789979	0.68687060572964242
62.062221548507047	2.6233361445592189	2.9629992345207481
62.202003062693535	-0.34911911380848726	-3.7277713524444849
63.309926419535159	0.21154128342133904	3.0536490089601589
63.060535827160109	2.3561304017226421	0.50003652241861929
61.855570789610134	2.010278103802702	-4.2972031987115207
61.689964074159185	-4.6258571670588289	-0.88119242643768747
61.176994368642013	3.1053763636244076	3.1685716902567824
62.896016506823344	-3.4828701065116432	1.2039503815619736
60.225997617713055	-4.3903802227986048	-3.5282466856274248
61.090838282273566	4.4730820295048304	1.1965031051727162
62.511374284636396	-4.5248267917345268	1.0390648801090281
62.920327421248928	-2.0011044878372997	-2.231097599733062
61.900474529869342	4.1538756154962302	2.187358018443339
63.118857798716348	2.7114717226101601	2.5403823648947954
61.49240901420503	4.6625409311398895	0.41199515005934695
62.870336480463962	1.3033675628274297	1.5579688211478702
60.692733355927025	2.8235758475750279	4.7106600241296039
61.69341390456264	-3.991858041316354	-0.062967214650180986
62.001497593357222	4.7238157029736811	-0.44544783198948984
61.232407576127081	-0.57713778965310392	4.5837908766621851
62.595529428648746	-2.9820352340668013	-2.9763065913265758
62.218524846676338	3.0343224730237788	-3.7275398981885499
62.853051090196402	2.4667013592062284	-3.5951321310608013
62.056297594794174	1.0301777231814897	-3.6553355551957645
61.746215457431695	-3.3818418431977926	-0.76720555103255839
62.521264270477047	-3.1335083303289446	0.1724004658228423
62.202521155605794	2.2507575041591035	4.256551779798591
63.490882072398378	-1.4030763774573614	2.655205210876209
61.688471333559981	2.178060678218106	-2.0116327551548037
62.664801763175497	-3.0870229231905353	1.7523765455487248
63.947976071014018	2.0561652968555597	-0.96974238504026267
61.797838299128983	-3.3568001884886205	-1.7833614874102899
60.59538391260083	1.0671473326942529	-4.7487494393362431
63.081977345520961	3.1020995530400279	-0.14475595473319441
61.799259470938964	-1.4812225064554958	-5.0491474249307204
61.839439009767581	-2.9015970722567235	-2.7411838641636996
62.729329742692514	-2.6592522921211379	-1.0348508930911535
62.709979598536684	1.2325499174436008	4.3219531313526636
61.602498363030421	0.48780073941221863	4.558000597513634
62.161322499576812	1.2604289193450404	-3.6943548031605196
62.211127284353203	2.1134659566445442	-2.1706852063862181
62.883058992556556	2.6018004017870999	-2.7078991605464062
61.224080247515879	-4.5674051058488567	1.0909882530337385
62.326447962844249	4.0401845132868583	1.8774792558333244
62.897004293779986	2.2337293704172607	1.5326040033805974
62.085309395479456	-3.3542342427392398	2.1774602924786381
62.709647644544376	-1.7443580938559913	0.27748451571791749
62.023648485145912	-0.73101135594618227	3.5576204013156261
60.717876738943836	0.80590460255022167	-4.5852174949383846
62.666359492216351	0.78275998616269082	-4.3140199994849038
62.782689080121813	-2.680741955861293	-2.2204962856870325
63.297463821425744	3.3378955044575087	-0.0605711135689911
62.339072204955663	2.1470672022790387	4.6371549067513955
61.00738037836922	-4.7419825207148536	-0.58629312951755219
63.09106718133301	-0.2381593475147579	2.6733274804605442
61.32760000819048	-4.5436283635548209	-0.74943186385853688
61.729442251401288	1.1117659809128386	-5.0393337762153303
62.26856794136043	0.64510623388633948	-3.2782255247178469
60.886993294610519	-4.1564044553947168	3.2117399952900212
61.770342859110151	-4.2103704565727504	1.0994864233570207
61.212059046048658	-4.4078948597304866	0.5940215927836624
62.08384389681791	-0.55790152789219849	4.1092730892467477
60.666167263523995	2.8583391350524816	-4.1763168845420084
62.118037829983294	0.97530712801453667	-5.0050863639388226
